,Supplier_Lead_Time,Inventory_Levels,Order_Frequency,Delivery_Performance,Cost_Per_Unit
Supplier_Lead_Time,1.0,0.14666101918543345,-0.9029897568205375,-0.9076904853037797,0.9610817133581435
Inventory_Levels,0.14666101918543345,1.0,-0.041843588873170266,-0.1583381947041626,0.1145051413293808
Order_Frequency,-0.9029897568205375,-0.041843588873170266,1.0,0.8525118297753171,-0.8700999424331619
Delivery_Performance,-0.9076904853037797,-0.1583381947041626,0.8525118297753171,1.0,-0.9029818772233555
Cost_Per_Unit,0.9610817133581435,0.1145051413293808,-0.8700999424331619,-0.9029818772233555,1.0
